<?xml version="1.0" encoding="UTF-8" standalone="yes"?>
<addon id="repository.crowley" name="Crowley Repository" version="1.0.0" provider-name="crowley161">
    <extension point="xbmc.addon.repository" name="Crowley Repository">
        <dir>
            <info compressed="false">https://raw.githubusercontent.com/crowley161/repository.crowley/main/addons.xml</info>
            <checksum>https://raw.githubusercontent.com/crowley161/repository.crowley/main/addons.xml.md5</checksum>
            <datadir zip="true">https://raw.githubusercontent.com/crowley161/repository.crowley/master</datadir>
        </dir>
    </extension>
    <extension point="xbmc.addon.metadata">
        <summary></summary>
        <description></description>
        <disclaimer></disclaimer>
        <platform>all</platform>
        <assets>
            <icon>icon.png</icon>
            <fanart></fanart>
        </assets>
    </extension>
</addon>